home,ratings,bedrooms,beds,baths,house_type,city,price
Rental unit in Austin ,New,,1.0,1.0,Rental unit,Austin ,99
Home in Austin ,New,1 bedroom,1.0,1.0,Home,Austin ,35
Guesthouse in Austin ,New,1 bedroom,1.0,1.0,Guesthouse,Austin ,95
Home in Austin ,New,3 bedrooms,2.0,3.0,Home,Austin ,300
Home in Austin ,New,2 bedrooms,3.0,2.5,Home,Austin ,251
Home in Austin ,New,1 bedroom,1.0,2.0,Home,Austin ,75
Home in Austin ,New,3 bedrooms,2.0,4.0,Home,Austin ,343
Home in Austin ,New,1 bedroom,1.0,0.5,Home,Austin ,85
Home in Austin ,New,4 bedrooms,4.0,3.5,Home,Austin ,160
Home in Austin ,New,1 bedroom,1.0,0.5,Home,Austin ,65
Rental unit in Austin ,New,2 bedrooms,3.0,1.0,Rental unit,Austin ,171
Home in Austin ,New,2 bedrooms,2.0,2.5,Home,Austin ,244
Home in Austin ,New,3 bedrooms,3.0,2.0,Home,Austin ,700
Home in Austin ,New,3 bedrooms,3.0,2.5,Home,Austin ,111
Guesthouse in Austin ,New,1 bedroom,1.0,1.0,Guesthouse,Austin ,102
Home in Austin ,New,2 bedrooms,2.0,1.0,Home,Austin ,165
Home in Austin ,New,1 bedroom,1.0,1.0,Home,Austin ,160
Condo in Austin ,New,1 bedroom,1.0,1.0,Condo,Austin ,167
Home in Austin ,New,3 bedrooms,4.0,2.0,Home,Austin ,108
Home in Austin ,New,3 bedrooms,3.0,2.0,Home,Austin ,88
Home in Austin ,New,3 bedrooms,4.0,2.0,Home,Austin ,466
Home in Austin ,New,4 bedrooms,1.0,2.0,Home,Austin ,353
Home in Austin ,New,1 bedroom,1.0,0.5,Home,Austin ,80
Home in Austin ,New,1 bedroom,1.0,1.0,Home,Austin ,57
Cottage in Austin ,New,3 bedrooms,4.0,2.0,Cottage,Austin ,119
Home in Austin ,New,1 bedroom,1.0,0.5,Home,Austin ,100
Home in Austin ,New,2 bedrooms,3.0,1.0,Home,Austin ,120
Bus in Austin ,New,1 bedroom,1.0,1.0,Bus,Austin ,77
Rental unit in Austin ,New,2 bedrooms,2.0,1.0,Rental unit,Austin ,139
Home in Austin ,New,1 bedroom,1.0,1.5,Home,Austin ,73
Home in Austin ,New,3 bedrooms,2.0,1.0,Home,Austin ,124
Rental unit in Austin ,New,2 bedrooms,2.0,1.0,Rental unit,Austin ,380
Home in Austin ,New,2 bedrooms,2.0,2.5,Home,Austin ,750
Campsite in Austin ,New,,,0.0,Campsite,Austin ,45
Home in Austin ,New,3 bedrooms,2.0,2.5,Home,Austin ,170
Home in Austin ,New,1 bedroom,1.0,0.5,Home,Austin ,80
Rental unit in Austin ,New,1 bedroom,3.0,1.0,Rental unit,Austin ,92
Rental unit in Austin ,New,1 bedroom,1.0,1.0,Rental unit,Austin ,50
Home in Austin ,New,4 bedrooms,5.0,3.5,Home,Austin ,602
Home in Austin ,New,2 bedrooms,3.0,2.5,Home,Austin ,414
Camper/RV in Austin ,New,1 bedroom,3.0,1.0,Camper/RV,Austin ,88
Rental unit in Austin ,New,2 bedrooms,2.0,2.0,Rental unit,Austin ,112
Home in Austin ,New,3 bedrooms,3.0,2.0,Home,Austin ,205
Rental unit in Austin ,New,3 bedrooms,4.0,3.0,Rental unit,Austin ,105
Home in Austin ,New,1 bedroom,1.0,1.0,Home,Austin ,50
Home in Austin ,New,2 bedrooms,2.0,1.0,Home,Austin ,90
Home in Austin ,New,2 bedrooms,2.0,1.5,Home,Austin ,96
Townhouse in Austin ,New,3 bedrooms,3.0,3.5,Townhouse,Austin ,272
Home in Austin ,New,3 bedrooms,3.0,2.5,Home,Austin ,194
Rental unit in Austin ,New,1 bedroom,1.0,1.0,Rental unit,Austin ,85
Home in Austin ,New,4 bedrooms,6.0,2.0,Home,Austin ,190
Home in Austin ,New,5 bedrooms,4.0,3.0,Home,Austin ,513
Rental unit in Austin ,New,1 bedroom,2.0,1.0,Rental unit,Austin ,80
Rental unit in Austin ,New,1 bedroom,2.0,1.0,Rental unit,Austin ,127
"Home in Austin,  ",New,1 bedroom,,1.0,Home,"Austin,  ",156
Home in Austin ,New,3 bedrooms,3.0,1.0,Home,Austin ,160
Home in Austin ,New,4 bedrooms,5.0,2.5,Home,Austin ,111
Home in Austin ,New,3 bedrooms,3.0,2.5,Home,Austin ,154
Home in Austin ,New,2 bedrooms,2.0,1.0,Home,Austin ,117
Home in Austin ,New,3 bedrooms,3.0,3.0,Home,Austin ,378
Home in Austin ,New,1 bedroom,1.0,1.0,Home,Austin ,159
Guesthouse in Austin ,New,1 bedroom,1.0,1.0,Guesthouse,Austin ,106
Home in Austin ,New,4 bedrooms,3.0,2.0,Home,Austin ,104
Home in Austin ,New,2 bedrooms,3.0,1.0,Home,Austin ,95
Home in Austin ,New,1 bedroom,1.0,1.0,Home,Austin ,45
Rental unit in Austin ,New,1 bedroom,1.0,1.0,Rental unit,Austin ,70
Condo in Austin ,New,2 bedrooms,3.0,2.0,Condo,Austin ,180
Rental unit in Austin ,New,1 bedroom,2.0,1.0,Rental unit,Austin ,48
Home in Austin ,New,3 bedrooms,3.0,2.0,Home,Austin ,165
Condo in Austin ,New,2 bedrooms,3.0,2.0,Condo,Austin ,229
Home in Austin ,New,1 bedroom,3.0,1.0,Home,Austin ,99
Home in Austin ,New,3 bedrooms,3.0,2.0,Home,Austin ,200
Home in Austin ,New,1 bedroom,1.0,1.0,Home,Austin ,74
Condo in Austin ,New,1 bedroom,1.0,1.0,Condo,Austin ,155
Home in Austin ,New,4 bedrooms,4.0,4.0,Home,Austin ,672
Townhouse in Austin ,New,1 bedroom,1.0,1.5,Townhouse,Austin ,250
Rental unit in Austin ,New,1 bedroom,1.0,1.0,Rental unit,Austin ,106
Home in Austin ,New,5 bedrooms,6.0,3.5,Home,Austin ,331
Home in Austin ,New,2 bedrooms,2.0,2.5,Home,Austin ,160
Home in Austin ,New,3 bedrooms,2.0,2.0,Home,Austin ,257
Rental unit in Austin ,New,2 bedrooms,3.0,2.0,Rental unit,Austin ,111
Home in Austin ,New,3 bedrooms,3.0,1.0,Home,Austin ,130
Home in Austin ,New,2 bedrooms,2.0,2.0,Home,Austin ,125
Rental unit in Austin ,New,2 bedrooms,4.0,2.0,Rental unit,Austin ,133
Rental unit in Austin ,New,2 bedrooms,3.0,2.0,Rental unit,Austin ,102
Rental unit in Austin ,New,,2.0,1.0,Rental unit,Austin ,237
Home in Austin ,New,2 bedrooms,2.0,2.0,Home,Austin ,106
Home in Austin ,New,4 bedrooms,4.0,4.0,Home,Austin ,500
Home in Austin ,New,1 bedroom,1.0,1.5,Home,Austin ,67
Home in Austin ,New,6 bedrooms,7.0,5.5,Home,Austin ,1925
Home in Austin ,New,4 bedrooms,4.0,4.0,Home,Austin ,225
Home in Austin ,New,3 bedrooms,5.0,2.0,Home,Austin ,193
Home in Austin ,New,1 bedroom,1.0,1.0,Home,Austin ,30
Home in Austin ,New,1 bedroom,1.0,1.0,Home,Austin ,85
Home in Austin ,New,3 bedrooms,4.0,2.0,Home,Austin ,214
Home in Austin ,New,3 bedrooms,4.0,2.5,Home,Austin ,220
Home in Austin ,New,3 bedrooms,3.0,2.0,Home,Austin ,128
Guesthouse in Austin ,New,1 bedroom,1.0,1.0,Guesthouse,Austin ,57
Hotel in Austin ,New,1 bedroom,2.0,1.0,Hotel,Austin ,142
Home in Austin ,New,5 bedrooms,8.0,5.0,Home,Austin ,936
Home in Austin ,New,3 bedrooms,4.0,2.0,Home,Austin ,230
Home in Austin ,New,3 bedrooms,5.0,2.0,Home,Austin ,145
Home in Austin ,New,3 bedrooms,4.0,2.0,Home,Austin ,198
Home in Austin ,New,2 bedrooms,2.0,1.0,Home,Austin ,105
Home in Austin ,New,6 bedrooms,1.0,5.0,Home,Austin ,378
Home in Austin ,New,3 bedrooms,5.0,4.5,Home,Austin ,742
Home in Austin ,New,3 bedrooms,4.0,2.0,Home,Austin ,189
Rental unit in Austin ,New,1 bedroom,2.0,1.0,Rental unit,Austin ,94
Home in Austin ,New,6 bedrooms,8.0,5.0,Home,Austin ,421
Rental unit in Austin ,New,2 bedrooms,3.0,2.0,Rental unit,Austin ,94
Home in Austin ,New,1 bedroom,1.0,1.0,Home,Austin ,46
Rental unit in Austin ,New,2 bedrooms,2.0,2.0,Rental unit,Austin ,163
Rental unit in Austin ,New,1 bedroom,3.0,1.0,Rental unit,Austin ,92
Rental unit in Austin ,New,2 bedrooms,2.0,2.0,Rental unit,Austin ,159
Rental unit in Austin ,New,1 bedroom,1.0,1.0,Rental unit,Austin ,127
Rental unit in Austin ,New,2 bedrooms,3.0,2.0,Rental unit,Austin ,94
Condo in Austin ,New,1 bedroom,2.0,1.0,Condo,Austin ,899
Hotel in Austin ,New,1 bedroom,1.0,1.0,Hotel,Austin ,183
Hotel in Austin ,New,1 bedroom,1.0,1.0,Hotel,Austin ,167
Hotel in Austin ,New,1 bedroom,1.0,1.0,Hotel,Austin ,145
Hotel in Austin ,New,2 bedrooms,2.0,1.0,Hotel,Austin ,279
Hotel in Austin ,New,2 bedrooms,3.0,1.0,Hotel,Austin ,292
Condo in Austin ,New,1 bedroom,2.0,1.0,Condo,Austin ,599
Hotel in Austin ,New,6 bedrooms,9.0,3.0,Hotel,Austin ,874
Condo in Austin ,New,2 bedrooms,4.0,1.0,Condo,Austin ,799
Guesthouse in Austin ,New,1 bedroom,2.0,1.0,Guesthouse,Austin ,124
Cottage in Austin ,New,2 bedrooms,2.0,2.0,Cottage,Austin ,129
Home in Austin ,New,4 bedrooms,1.0,0.5,Home,Austin ,40
Home in Austin ,New,1 bedroom,1.0,0.5,Home,Austin ,27
Rental unit in Austin ,New,1 bedroom,1.0,1.0,Rental unit,Austin ,93
Home in Sunset Valley ,New,4 bedrooms,8.0,4.0,Home,Sunset Valley ,700
Rental unit in Austin ,New,1 bedroom,1.0,1.0,Rental unit,Austin ,134
Home in Austin ,New,2 bedrooms,2.0,1.0,Home,Austin ,65
Condo in Austin ,New,1 bedroom,1.0,1.0,Condo,Austin ,128
Home in Austin ,New,2 bedrooms,2.0,2.0,Home,Austin ,124
Home in Austin ,New,6 bedrooms,8.0,4.0,Home,Austin ,431
Home in Austin ,New,3 bedrooms,4.0,2.0,Home,Austin ,186
Home in Austin ,New,3 bedrooms,5.0,2.0,Home,Austin ,187
Home in Austin ,New,4 bedrooms,5.0,2.0,Home,Austin ,295
Home in Austin ,New,1 bedroom,1.0,0.5,Home,Austin ,23
Rental unit in Austin ,New,4 bedrooms,5.0,2.0,Rental unit,Austin ,132
Rental unit in Austin ,New,1 bedroom,1.0,1.0,Rental unit,Austin ,96
Home in Austin ,New,1 bedroom,1.0,1.0,Home,Austin ,56
Home in Austin ,New,1 bedroom,1.0,1.0,Home,Austin ,58
Rental unit in Austin ,New,1 bedroom,2.0,1.0,Rental unit,Austin ,239
Rental unit in Austin ,New,1 bedroom,2.0,1.0,Rental unit,Austin ,75
Rental unit in Austin ,New,2 bedrooms,3.0,2.0,Rental unit,Austin ,423
Home in Austin ,New,3 bedrooms,3.0,2.0,Home,Austin ,199
Home in Austin ,New,2 bedrooms,2.0,2.0,Home,Austin ,300
Home in Austin ,New,3 bedrooms,3.0,2.5,Home,Austin ,260
Home in Austin ,New,6 bedrooms,6.0,3.0,Home,Austin ,372
Rental unit in Austin ,New,1 bedroom,1.0,1.0,Rental unit,Austin ,103
Home in Austin ,New,1 bedroom,1.0,1.0,Home,Austin ,142
Rental unit in Austin ,New,,1.0,1.0,Rental unit,Austin ,115
Home in Austin ,New,4 bedrooms,5.0,2.5,Home,Austin ,300
Home in Austin ,New,3 bedrooms,3.0,2.0,Home,Austin ,225
Home in Austin ,New,4 bedrooms,7.0,3.5,Home,Austin ,1143
Rental unit in Austin ,New,,1.0,1.0,Rental unit,Austin ,155
Tiny home in Austin ,New,1 bedroom,1.0,1.5,Tiny home,Austin ,166
Tiny home in Austin ,New,1 bedroom,1.0,1.5,Tiny home,Austin ,141
Home in Austin ,New,4 bedrooms,5.0,3.0,Home,Austin ,900
Home in Austin ,New,3 bedrooms,3.0,2.0,Home,Austin ,275
Rental unit in Austin ,New,2 bedrooms,2.0,2.0,Rental unit,Austin ,165
Home in Austin ,New,3 bedrooms,4.0,2.0,Home,Austin ,300
Home in Austin ,New,2 bedrooms,1.0,2.5,Home,Austin ,170
Guesthouse in Austin ,New,1 bedroom,1.0,1.0,Guesthouse,Austin ,78
Home in Austin ,New,4 bedrooms,4.0,2.0,Home,Austin ,200
Rental unit in Austin ,New,1 bedroom,2.0,1.0,Rental unit,Austin ,49
Rental unit in Austin ,New,7 bedrooms,8.0,3.0,Rental unit,Austin ,252
Rental unit in Austin ,New,1 bedroom,1.0,1.0,Rental unit,Austin ,47
Rental unit in Austin ,New,1 bedroom,1.0,1.0,Rental unit,Austin ,82
Rental unit in Austin ,New,1 bedroom,1.0,1.0,Rental unit,Austin ,70
Home in Austin ,New,3 bedrooms,3.0,2.0,Home,Austin ,139
Home in Austin ,New,3 bedrooms,3.0,2.5,Home,Austin ,200
Home in Austin ,New,3 bedrooms,4.0,2.0,Home,Austin ,123
Home in Austin ,New,2 bedrooms,3.0,2.0,Home,Austin ,274
Home in Austin ,New,2 bedrooms,2.0,2.0,Home,Austin ,400
Home in Austin ,New,2 bedrooms,2.0,2.0,Home,Austin ,172
Home in Austin ,New,4 bedrooms,5.0,2.0,Home,Austin ,179
Home in Austin ,New,3 bedrooms,3.0,2.0,Home,Austin ,115
Rental unit in Austin ,New,1 bedroom,1.0,1.0,Rental unit,Austin ,70
Rental unit in Austin ,New,2 bedrooms,1.0,2.0,Rental unit,Austin ,119
Rental unit in Austin ,New,1 bedroom,2.0,1.0,Rental unit,Austin ,773
Rental unit in Austin ,New,1 bedroom,1.0,1.0,Rental unit,Austin ,475
Rental unit in Austin ,New,1 bedroom,1.0,1.0,Rental unit,Austin ,822
Rental unit in Austin ,New,1 bedroom,1.0,1.0,Rental unit,Austin ,246
Rental unit in Austin ,New,1 bedroom,1.0,1.0,Rental unit,Austin ,232
Rental unit in Austin ,New,1 bedroom,1.0,1.0,Rental unit,Austin ,103
Home in Austin ,New,3 bedrooms,3.0,2.0,Home,Austin ,127
Rental unit in Austin ,New,1 bedroom,1.0,1.0,Rental unit,Austin ,90
Home in Austin ,New,3 bedrooms,3.0,1.5,Home,Austin ,112
Home in Austin ,New,3 bedrooms,6.0,1.5,Home,Austin ,290
Rental unit in Austin ,New,2 bedrooms,1.0,2.0,Rental unit,Austin ,150
Home in Austin ,New,3 bedrooms,4.0,2.0,Home,Austin ,136
Home in Austin ,New,2 bedrooms,2.0,1.0,Home,Austin ,118
Rental unit in Austin ,New,7 bedrooms,1.0,4.0,Rental unit,Austin ,1447
Rental unit in Austin ,New,1 bedroom,1.0,1.0,Rental unit,Austin ,89
Rental unit in Austin ,New,2 bedrooms,3.0,1.0,Rental unit,Austin ,198
Camper/RV in Austin ,New,1 bedroom,1.0,1.0,Camper/RV,Austin ,120
Rental unit in Austin ,New,2 bedrooms,2.0,1.0,Rental unit,Austin ,169
Home in Austin ,New,3 bedrooms,7.0,4.0,Home,Austin ,585
Home in Austin ,New,3 bedrooms,3.0,3.0,Home,Austin ,414
Home in Austin ,New,6 bedrooms,1.0,4.0,Home,Austin ,609
Rental unit in Austin ,New,2 bedrooms,3.0,2.0,Rental unit,Austin ,72
Home in Austin ,New,3 bedrooms,3.0,2.0,Home,Austin ,194
Rental unit in Austin ,New,2 bedrooms,2.0,2.0,Rental unit,Austin ,83
Rental unit in Austin ,New,2 bedrooms,2.0,2.0,Rental unit,Austin ,97
Home in Austin ,New,1 bedroom,1.0,1.0,Home,Austin ,76
Home in Austin ,New,2 bedrooms,2.0,3.0,Home,Austin ,200
Rental unit in Austin ,New,1 bedroom,2.0,1.0,Rental unit,Austin ,78
Home in Austin ,New,4 bedrooms,4.0,3.5,Home,Austin ,838
Home in Austin ,New,3 bedrooms,3.0,2.5,Home,Austin ,191
Home in Austin ,New,3 bedrooms,3.0,2.0,Home,Austin ,249
Home in Austin ,New,5 bedrooms,7.0,5.0,Home,Austin ,1600
Home in Austin ,New,4 bedrooms,5.0,2.0,Home,Austin ,182
Home in Lakeway ,New,4 bedrooms,4.0,4.0,Home,Lakeway ,125
Home in Austin ,New,4 bedrooms,8.0,3.0,Home,Austin ,233
Rental unit in Austin ,New,1 bedroom,3.0,1.0,Rental unit,Austin ,113
Home in Austin ,New,3 bedrooms,1.0,3.0,Home,Austin ,476
Rental unit in Austin ,New,1 bedroom,1.0,1.0,Rental unit,Austin ,67
Rental unit in Austin ,New,1 bedroom,3.0,1.0,Rental unit,Austin ,104
Home in Austin ,New,1 bedroom,1.0,1.0,Home,Austin ,51
Home in Austin ,New,2 bedrooms,2.0,3.5,Home,Austin ,178
Rental unit in Austin ,New,5 bedrooms,5.0,3.0,Rental unit,Austin ,391
Rental unit in Austin ,New,2 bedrooms,2.0,2.0,Rental unit,Austin ,120
Home in Austin ,New,2 bedrooms,2.0,2.0,Home,Austin ,287
Home in Austin ,New,1 bedroom,1.0,1.0,Home,Austin ,59
Home in Austin ,New,2 bedrooms,2.0,2.5,Home,Austin ,399
Rental unit in Austin ,New,1 bedroom,1.0,1.5,Rental unit,Austin ,41
Rental unit in Austin ,New,1 bedroom,2.0,1.0,Rental unit,Austin ,93
Home in Austin ,New,3 bedrooms,3.0,2.5,Home,Austin ,150
Home in Austin ,New,3 bedrooms,4.0,2.0,Home,Austin ,216
Rental unit in Austin ,New,1 bedroom,2.0,1.0,Rental unit,Austin ,119
Rental unit in Austin ,New,1 bedroom,1.0,1.0,Rental unit,Austin ,129
Home in West Lake Hills ,New,3 bedrooms,4.0,2.5,Home,West Lake Hills ,400
Home in Austin ,New,7 bedrooms,1.0,4.0,Home,Austin ,481
Camper/RV in Austin ,New,,1.0,1.0,Camper/RV,Austin ,78
Rental unit in Austin ,New,1 bedroom,1.0,1.5,Rental unit,Austin ,60
Home in Austin ,New,3 bedrooms,2.0,3.0,Home,Austin ,285
Home in Austin ,New,1 bedroom,1.0,0.5,Home,Austin ,26
Home in Austin ,New,3 bedrooms,3.0,1.0,Home,Austin ,399
Rental unit in Austin ,New,2 bedrooms,1.0,2.0,Rental unit,Austin ,119
Home in Austin ,New,5 bedrooms,5.0,4.0,Home,Austin ,420
Home in Austin ,New,1 bedroom,1.0,1.0,Home,Austin ,88
Home in Austin ,New,4 bedrooms,6.0,3.0,Home,Austin ,383
Home in Austin ,New,4 bedrooms,5.0,2.5,Home,Austin ,461
Home in Austin ,New,2 bedrooms,2.0,2.5,Home,Austin ,139
Guesthouse in Austin ,New,1 bedroom,1.0,1.0,Guesthouse,Austin ,122
Home in Lakeway ,New,3 bedrooms,3.0,3.0,Home,Lakeway ,249
Home in Austin ,New,1 bedroom,1.0,1.0,Home,Austin ,42
Rental unit in Austin ,New,4 bedrooms,4.0,2.5,Rental unit,Austin ,174
Rental unit in Austin ,New,3 bedrooms,2.0,2.0,Rental unit,Austin ,117
Rental unit in Austin ,New,2 bedrooms,1.0,1.0,Rental unit,Austin ,81
Rental unit in Austin ,New,1 bedroom,1.0,1.0,Rental unit,Austin ,71
Rental unit in Austin ,New,3 bedrooms,3.0,2.0,Rental unit,Austin ,399
Home in Austin ,New,1 bedroom,1.0,0.5,Home,Austin ,50
Home in Austin ,New,3 bedrooms,3.0,2.5,Home,Austin ,207
Home in Austin ,New,3 bedrooms,5.0,2.5,Home,Austin ,694
Home in Austin ,New,3 bedrooms,4.0,2.5,Home,Austin ,164
Townhouse in Austin ,New,2 bedrooms,2.0,1.0,Townhouse,Austin ,87
Home in Austin ,New,1 bedroom,2.0,1.0,Home,Austin ,100
Home in Austin ,New,1 bedroom,1.0,0.5,Home,Austin ,38
Home in Austin ,New,1 bedroom,1.0,1.0,Home,Austin ,40
Rental unit in Austin ,New,1 bedroom,1.0,1.0,Rental unit,Austin ,166
Home in Austin ,New,1 bedroom,2.0,1.5,Home,Austin ,97
Home in Austin ,New,3 bedrooms,3.0,2.0,Home,Austin ,180
Home in Austin ,New,1 bedroom,1.0,1.0,Home,Austin ,90
Home in Austin ,New,4 bedrooms,3.0,3.5,Home,Austin ,318
Home in Austin ,New,2 bedrooms,2.0,2.0,Home,Austin ,250
Condo in Austin ,New,1 bedroom,1.0,1.0,Condo,Austin ,166
Home in Austin ,New,1 bedroom,1.0,1.5,Home,Austin ,40
Home in Austin ,New,6 bedrooms,7.0,3.0,Home,Austin ,430
Guesthouse in Austin ,New,1 bedroom,2.0,1.0,Guesthouse,Austin ,50
Home in Austin ,New,1 bedroom,1.0,1.0,Home,Austin ,29
Condo in Austin ,New,2 bedrooms,2.0,1.0,Condo,Austin ,110
Home in Austin ,New,1 bedroom,1.0,1.5,Home,Austin ,39
Rental unit in Austin ,New,2 bedrooms,5.0,2.0,Rental unit,Austin ,103
Rental unit in Austin ,New,2 bedrooms,5.0,2.0,Rental unit,Austin ,97
Home in Austin ,New,12 bedrooms,1.0,12.0,Home,Austin ,620
Rental unit in Austin ,New,3 bedrooms,4.0,3.0,Rental unit,Austin ,108
Rental unit in Austin ,New,1 bedroom,1.0,1.0,Rental unit,Austin ,55
Hotel in Austin ,New,1 bedroom,1.0,1.0,Hotel,Austin ,399
Home in Austin ,New,4 bedrooms,4.0,3.0,Home,Austin ,230
Rental unit in Austin ,New,2 bedrooms,2.0,2.0,Rental unit,Austin ,319
Home in Austin ,New,3 bedrooms,5.0,2.0,Home,Austin ,182
Rental unit in Austin ,New,1 bedroom,1.0,1.0,Rental unit,Austin ,168
Home in Lakeway ,New,3 bedrooms,4.0,3.0,Home,Lakeway ,209
Rental unit in Austin ,New,1 bedroom,1.0,1.0,Rental unit,Austin ,110
Home in Austin ,New,1 bedroom,1.0,1.0,Home,Austin ,49
Home in Austin ,New,1 bedroom,1.0,1.0,Home,Austin ,49
Home in Austin ,New,6 bedrooms,1.0,5.0,Home,Austin ,771
Home in Austin ,New,3 bedrooms,3.0,2.0,Home,Austin ,257
Condo in Austin ,New,1 bedroom,1.0,1.0,Condo,Austin ,363
Home in Austin ,New,4 bedrooms,5.0,4.0,Home,Austin ,206
Rental unit in Austin ,New,,1.0,1.0,Rental unit,Austin ,166
Home in Austin ,New,3 bedrooms,4.0,2.5,Home,Austin ,139
Rental unit in Austin ,New,,1.0,1.0,Rental unit,Austin ,89
Home in Austin ,New,4 bedrooms,4.0,2.5,Home,Austin ,447
Home in Austin ,New,3 bedrooms,4.0,2.0,Home,Austin ,169
Home in Austin ,New,3 bedrooms,3.0,2.0,Home,Austin ,100
Rental unit in Austin ,New,3 bedrooms,4.0,2.5,Rental unit,Austin ,233
Guest suite in Austin ,New,2 bedrooms,2.0,1.0,Guest suite,Austin ,84
Rental unit in Austin ,New,2 bedrooms,3.0,2.0,Rental unit,Austin ,103
Home in Austin ,New,1 bedroom,1.0,1.0,Home,Austin ,33
Home in Austin ,New,4 bedrooms,5.0,2.0,Home,Austin ,203
Home in Austin ,New,1 bedroom,1.0,1.0,Home,Austin ,99
Home in Austin ,New,,2.0,0.5,Home,Austin ,52
Home in Austin ,New,2 bedrooms,2.0,1.0,Home,Austin ,390
Home in Austin ,New,1 bedroom,2.0,1.0,Home,Austin ,110
Camper/RV in Austin ,New,1 bedroom,4.0,1.0,Camper/RV,Austin ,164
Rental unit in Austin ,New,1 bedroom,1.0,1.0,Rental unit,Austin ,151
Rental unit in Austin ,New,2 bedrooms,3.0,1.0,Rental unit,Austin ,56
Rental unit in Austin ,New,1 bedroom,2.0,1.0,Rental unit,Austin ,56
Rental unit in Austin ,New,1 bedroom,2.0,1.0,Rental unit,Austin ,46
Rental unit in Austin ,New,1 bedroom,2.0,1.0,Rental unit,Austin ,48
Rental unit in Austin ,New,1 bedroom,2.0,1.0,Rental unit,Austin ,51
Rental unit in Austin ,New,1 bedroom,2.0,1.0,Rental unit,Austin ,46
Rental unit in Austin ,New,1 bedroom,2.0,1.0,Rental unit,Austin ,53
Home in Austin ,New,3 bedrooms,4.0,2.5,Home,Austin ,489
Rental unit in Austin ,New,1 bedroom,2.0,1.0,Rental unit,Austin ,48
Rental unit in Austin ,New,1 bedroom,2.0,1.0,Rental unit,Austin ,46
Rental unit in Austin ,New,8 bedrooms,8.0,4.0,Rental unit,Austin ,246
Home in Austin ,New,3 bedrooms,3.0,2.5,Home,Austin ,173
Rental unit in Austin ,New,,1.0,1.0,Rental unit,Austin ,43
Rental unit in Austin ,New,3 bedrooms,4.0,2.0,Rental unit,Austin ,185
Home in Austin ,New,1 bedroom,1.0,1.0,Home,Austin ,40
Home in Austin ,New,1 bedroom,1.0,1.0,Home,Austin ,145
Rental unit in Austin ,New,1 bedroom,1.0,1.0,Rental unit,Austin ,90
Rental unit in Austin ,New,,1.0,1.0,Rental unit,Austin ,82
Rental unit in Austin ,New,2 bedrooms,4.0,1.0,Rental unit,Austin ,49
Camper/RV in Austin ,New,2 bedrooms,3.0,1.5,Camper/RV,Austin ,350
Rental unit in Austin ,New,2 bedrooms,4.0,1.0,Rental unit,Austin ,38
Rental unit in Austin ,New,4 bedrooms,5.0,2.0,Rental unit,Austin ,199
Rental unit in Austin ,New,1 bedroom,1.0,1.0,Rental unit,Austin ,56
Home in Austin ,New,3 bedrooms,,2.5,Home,Austin ,154
Rental unit in Austin ,New,,1.0,1.0,Rental unit,Austin ,114
Home in Austin ,New,2 bedrooms,3.0,1.5,Home,Austin ,55
Home in Austin ,New,2 bedrooms,3.0,2.0,Home,Austin ,125
Rental unit in Austin ,New,1 bedroom,1.0,1.0,Rental unit,Austin ,49
Camper/RV in Austin ,New,,3.0,1.0,Camper/RV,Austin ,102
Rental unit in Austin ,New,3 bedrooms,3.0,2.0,Rental unit,Austin ,202
Home in Austin ,New,4 bedrooms,4.0,3.0,Home,Austin ,210
Rental unit in Austin ,New,1 bedroom,1.0,1.0,Rental unit,Austin ,86
Home in Austin ,New,4 bedrooms,4.0,3.0,Home,Austin ,204
Home in Austin ,New,6 bedrooms,7.0,4.0,Home,Austin ,894
Rental unit in Austin ,New,1 bedroom,1.0,1.0,Rental unit,Austin ,91
Rental unit in Austin ,New,1 bedroom,1.0,1.0,Rental unit,Austin ,91
Rental unit in Austin ,New,2 bedrooms,2.0,1.0,Rental unit,Austin ,206
Rental unit in Austin ,New,2 bedrooms,3.0,2.0,Rental unit,Austin ,127
Home in Austin ,New,1 bedroom,1.0,1.5,Home,Austin ,50
Rental unit in Austin ,New,1 bedroom,1.0,1.0,Rental unit,Austin ,877
Home in Austin ,New,3 bedrooms,3.0,2.0,Home,Austin ,130
Home in Austin ,New,2 bedrooms,2.0,2.5,Home,Austin ,135
Condo in Austin ,New,2 bedrooms,2.0,1.5,Condo,Austin ,99
Rental unit in Austin ,New,2 bedrooms,2.0,2.0,Rental unit,Austin ,175
Condo in Austin ,New,1 bedroom,2.0,0.5,Condo,Austin ,69
Home in Austin ,New,2 bedrooms,2.0,2.5,Home,Austin ,150
Home in Austin ,New,3 bedrooms,4.0,2.0,Home,Austin ,170
Rental unit in Austin ,New,3 bedrooms,2.0,2.0,Rental unit,Austin ,140
Home in Austin ,New,1 bedroom,1.0,1.0,Home,Austin ,59
Rental unit in Austin ,New,1 bedroom,1.0,1.0,Rental unit,Austin ,56
Rental unit in Austin ,New,2 bedrooms,3.0,2.0,Rental unit,Austin ,93
Rental unit in Austin ,New,1 bedroom,2.0,1.0,Rental unit,Austin ,84
Cabin in Austin ,New,1 bedroom,,1.0,Cabin,Austin ,143
Home in Austin ,New,2 bedrooms,2.0,2.5,Home,Austin ,405
Rental unit in Austin ,New,1 bedroom,1.0,1.0,Rental unit,Austin ,74
Home in Austin ,New,3 bedrooms,3.0,2.0,Home,Austin ,244
Home in Austin ,New,2 bedrooms,1.0,1.0,Home,Austin ,105
Condo in Austin ,New,1 bedroom,4.0,1.0,Condo,Austin ,88
Rental unit in Austin ,New,1 bedroom,1.0,1.0,Rental unit,Austin ,131
Rental unit in Austin ,New,2 bedrooms,2.0,1.0,Rental unit,Austin ,100
Home in Austin ,New,4 bedrooms,5.0,2.0,Home,Austin ,383
Home in Austin ,New,1 bedroom,2.0,1.0,Home,Austin ,128
Home in Austin ,New,1 bedroom,2.0,1.0,Home,Austin ,133
Rental unit in Austin ,New,1 bedroom,1.0,1.0,Rental unit,Austin ,98
Rental unit in Austin ,New,,1.0,1.0,Rental unit,Austin ,101
Rental unit in Austin ,New,1 bedroom,2.0,1.0,Rental unit,Austin ,89
Camper/RV in Austin ,New,1 bedroom,3.0,1.0,Camper/RV,Austin ,80
Rental unit in Austin ,New,2 bedrooms,4.0,1.5,Rental unit,Austin ,77
Home in Austin ,New,3 bedrooms,3.0,0.0,Home,Austin ,298
Home in Austin ,New,1 bedroom,2.0,1.0,Home,Austin ,85
Rental unit in Austin ,New,2 bedrooms,3.0,2.0,Rental unit,Austin ,277
Home in Austin ,New,4 bedrooms,3.0,3.5,Home,Austin ,586
Home in Austin ,New,3 bedrooms,3.0,2.0,Home,Austin ,371
Home in Austin ,New,4 bedrooms,7.0,3.5,Home,Austin ,274
Home in Austin ,New,2 bedrooms,3.0,1.0,Home,Austin ,108
Rental unit in Austin ,New,1 bedroom,1.0,1.0,Rental unit,Austin ,88
Home in Austin ,New,1 bedroom,2.0,0.5,Home,Austin ,53
Tiny home in Hays County ,New,1 bedroom,1.0,1.0,Tiny home,Hays County ,128
Rental unit in Austin ,New,1 bedroom,1.0,1.0,Rental unit,Austin ,160
Home in Austin ,New,4 bedrooms,5.0,0.5,Home,Austin ,34
Home in Austin ,New,3 bedrooms,4.0,2.5,Home,Austin ,373
Rental unit in Austin ,New,1 bedroom,1.0,1.0,Rental unit,Austin ,73
Home in Austin ,New,6 bedrooms,8.0,5.0,Home,Austin ,384
Home in Austin ,New,1 bedroom,1.0,1.0,Home,Austin ,99
Rental unit in Austin ,New,1 bedroom,1.0,1.0,Rental unit,Austin ,62
Home in Austin ,New,1 bedroom,1.0,1.0,Home,Austin ,75
Home in Austin ,New,2 bedrooms,3.0,1.0,Home,Austin ,94
Home in Austin ,New,1 bedroom,1.0,1.0,Home,Austin ,70
Home in Austin ,New,5 bedrooms,5.0,2.5,Home,Austin ,175
Home in Austin ,New,5 bedrooms,1.0,4.0,Home,Austin ,616
Rental unit in Austin ,New,,1.0,1.0,Rental unit,Austin ,100
Condo in Austin ,New,3 bedrooms,9.0,2.0,Condo,Austin ,300
Guesthouse in Austin ,New,,1.0,1.0,Guesthouse,Austin ,145
Rental unit in Austin ,New,1 bedroom,1.0,1.0,Rental unit,Austin ,99
Home in Austin ,New,1 bedroom,2.0,1.0,Home,Austin ,64
Home in Austin ,New,4 bedrooms,5.0,2.0,Home,Austin ,178
Condo in Austin ,New,1 bedroom,2.0,1.0,Condo,Austin ,59
Guesthouse in Austin ,New,3 bedrooms,3.0,2.0,Guesthouse,Austin ,76
Rental unit in Austin ,New,1 bedroom,2.0,1.0,Rental unit,Austin ,82
Home in Austin ,New,3 bedrooms,3.0,1.0,Home,Austin ,100
Rental unit in Austin ,New,1 bedroom,1.0,1.0,Rental unit,Austin ,128
Home in Austin ,New,1 bedroom,1.0,0.5,Home,Austin ,37
Home in Austin ,New,3 bedrooms,3.0,3.0,Home,Austin ,272
Condo in Austin ,New,1 bedroom,2.0,1.0,Condo,Austin ,152
Home in Austin ,New,2 bedrooms,2.0,1.0,Home,Austin ,483
Guest suite in Austin ,New,1 bedroom,1.0,1.0,Guest suite,Austin ,100
Home in Austin ,New,1 bedroom,1.0,1.0,Home,Austin ,32
Home in Austin ,New,1 bedroom,1.0,0.5,Home,Austin ,36
Home in Austin ,New,1 bedroom,1.0,1.0,Home,Austin ,69
Home in Austin ,New,2 bedrooms,2.0,1.0,Home,Austin ,85
Home in Austin ,New,2 bedrooms,2.0,1.0,Home,Austin ,50
Rental unit in Austin ,New,1 bedroom,2.0,1.0,Rental unit,Austin ,89
Home in Austin ,New,2 bedrooms,2.0,2.0,Home,Austin ,217
Home in Austin ,New,3 bedrooms,5.0,2.5,Home,Austin ,239
Home in Austin ,New,2 bedrooms,2.0,1.0,Home,Austin ,153
Rental unit in Austin ,New,4 bedrooms,1.0,3.5,Rental unit,Austin ,627
Home in Austin ,New,2 bedrooms,2.0,1.5,Home,Austin ,319
Home in Austin ,New,10 bedrooms,1.0,12.5,Home,Austin ,2912
Rental unit in Austin ,New,2 bedrooms,2.0,1.5,Rental unit,Austin ,28
Rental unit in Austin ,New,1 bedroom,1.0,1.0,Rental unit,Austin ,117
Rental unit in Austin ,New,1 bedroom,3.0,1.0,Rental unit,Austin ,73
Rental unit in Austin ,New,1 bedroom,2.0,0.5,Rental unit,Austin ,46
Rental unit in Austin ,New,1 bedroom,3.0,1.0,Rental unit,Austin ,86
Rental unit in Austin ,New,2 bedrooms,3.0,2.0,Rental unit,Austin ,468
Rental unit in Austin ,New,1 bedroom,1.0,1.0,Rental unit,Austin ,82
Home in Austin ,New,7 bedrooms,1.0,4.0,Home,Austin ,390
Rental unit in Austin ,New,1 bedroom,2.0,1.0,Rental unit,Austin ,40
Rental unit in Austin ,New,2 bedrooms,2.0,2.0,Rental unit,Austin ,78
Home in Austin ,New,9 bedrooms,6.0,5.0,Home,Austin ,569
Home in Austin ,New,3 bedrooms,3.0,2.0,Home,Austin ,165
Rental unit in Austin ,New,1 bedroom,2.0,1.0,Rental unit,Austin ,56
Home in Austin ,New,3 bedrooms,3.0,3.0,Home,Austin ,52
Home in Austin ,New,2 bedrooms,2.0,1.0,Home,Austin ,125
Home in Austin ,New,3 bedrooms,3.0,2.0,Home,Austin ,273
Rental unit in Austin ,New,1 bedroom,1.0,1.0,Rental unit,Austin ,126
Rental unit in Austin ,New,1 bedroom,2.0,1.0,Rental unit,Austin ,109
Home in Austin ,New,5 bedrooms,6.0,3.0,Home,Austin ,157
Rental unit in Austin ,New,1 bedroom,2.0,1.0,Rental unit,Austin ,203
Tiny home in Austin ,New,1 bedroom,1.0,1.0,Tiny home,Austin ,99
Condo in Austin ,New,1 bedroom,2.0,1.0,Condo,Austin ,139
Home in Austin ,New,4 bedrooms,4.0,2.0,Home,Austin ,429
Home in Austin ,New,6 bedrooms,8.0,5.5,Home,Austin ,1091
Guesthouse in Austin ,New,1 bedroom,2.0,1.0,Guesthouse,Austin ,136
Rental unit in Austin ,New,1 bedroom,3.0,1.0,Rental unit,Austin ,73
Rental unit in Austin ,New,1 bedroom,3.0,1.0,Rental unit,Austin ,73
Rental unit in Austin ,New,1 bedroom,3.0,1.0,Rental unit,Austin ,73
Rental unit in Austin ,New,1 bedroom,3.0,1.0,Rental unit,Austin ,91
Home in Austin ,New,1 bedroom,1.0,1.0,Home,Austin ,35
Home in Austin ,New,2 bedrooms,3.0,2.5,Home,Austin ,186
Home in Austin ,New,5 bedrooms,7.0,3.0,Home,Austin ,597
Hotel in Austin ,New,1 bedroom,1.0,0.5,Hotel,Austin ,160
Hotel in Austin ,New,1 bedroom,1.0,1.0,Hotel,Austin ,320
Home in Austin ,New,4 bedrooms,1.0,3.5,Home,Austin ,284
Rental unit in Austin ,New,1 bedroom,2.0,1.0,Rental unit,Austin ,46
Condo in Austin ,New,2 bedrooms,3.0,1.5,Condo,Austin ,131
Home in Austin ,New,,1.0,1.0,Home,Austin ,89
Home in Austin ,New,3 bedrooms,3.0,2.0,Home,Austin ,297
Rental unit in Austin ,New,1 bedroom,1.0,1.0,Rental unit,Austin ,399
Home in Austin ,New,1 bedroom,1.0,0.5,Home,Austin ,60
Home in Austin ,New,3 bedrooms,4.0,1.0,Home,Austin ,184
Condo in Austin ,New,2 bedrooms,3.0,2.0,Condo,Austin ,220
Rental unit in Austin ,New,1 bedroom,2.0,1.0,Rental unit,Austin ,116
Home in Austin ,New,3 bedrooms,4.0,2.0,Home,Austin ,230
Home in Austin ,New,1 bedroom,1.0,0.5,Home,Austin ,126
Home in Austin ,New,1 bedroom,1.0,0.5,Home,Austin ,114
Rental unit in Austin ,New,1 bedroom,1.0,1.0,Rental unit,Austin ,71
Tiny home in Austin ,New,1 bedroom,2.0,1.0,Tiny home,Austin ,191
Rental unit in Austin ,New,2 bedrooms,2.0,2.0,Rental unit,Austin ,106
Guesthouse in Austin ,New,3 bedrooms,4.0,2.5,Guesthouse,Austin ,138
Home in Austin ,New,3 bedrooms,7.0,2.5,Home,Austin ,199
Home in Austin ,New,2 bedrooms,2.0,2.0,Home,Austin ,107
Rental unit in Austin ,New,2 bedrooms,3.0,2.0,Rental unit,Austin ,87
Rental unit in Austin ,New,2 bedrooms,3.0,2.0,Rental unit,Austin ,87
Rental unit in Austin ,New,2 bedrooms,3.0,2.0,Rental unit,Austin ,87
Rental unit in Austin ,New,2 bedrooms,3.0,2.0,Rental unit,Austin ,87
Home in Austin ,New,4 bedrooms,1.0,0.0,Home,Austin ,447
Rental unit in Austin ,New,,1.0,0.5,Rental unit,Austin ,99
Home in Austin ,New,2 bedrooms,2.0,2.5,Home,Austin ,56
Rental unit in Austin ,New,1 bedroom,2.0,1.0,Rental unit,Austin ,90
Home in Austin ,New,3 bedrooms,5.0,2.0,Home,Austin ,225
Rental unit in Austin ,New,1 bedroom,2.0,1.0,Rental unit,Austin ,57
Home in Austin ,New,3 bedrooms,2.0,2.0,Home,Austin ,68
Home in Austin ,New,1 bedroom,1.0,1.0,Home,Austin ,44
Home in Austin ,New,1 bedroom,1.0,2.0,Home,Austin ,64
Home in Austin ,New,4 bedrooms,4.0,2.0,Home,Austin ,225
Home in Austin ,New,1 bedroom,1.0,1.0,Home,Austin ,56
Townhouse in Austin ,New,10 bedrooms,2.0,0.0,Townhouse,Austin ,652
Serviced apartment in Austin ,New,2 bedrooms,2.0,2.0,Serviced apartment,Austin ,149
Rental unit in Austin ,New,1 bedroom,1.0,1.0,Rental unit,Austin ,58
Home in Austin ,New,3 bedrooms,4.0,3.0,Home,Austin ,216
Home in Austin ,New,1 bedroom,1.0,1.0,Home,Austin ,96
Condo in Austin ,New,1 bedroom,2.0,1.0,Condo,Austin ,255
Condo in Austin ,New,2 bedrooms,2.0,1.0,Condo,Austin ,143
Condo in Austin ,New,1 bedroom,2.0,1.0,Condo,Austin ,101
Home in Austin ,New,2 bedrooms,2.0,1.0,Home,Austin ,180
Home in Austin ,New,4 bedrooms,5.0,4.5,Home,Austin ,960
Home in Austin ,New,14 bedrooms,2.0,8.0,Home,Austin ,760
Home in Austin ,New,4 bedrooms,4.0,2.0,Home,Austin ,329
Rental unit in Austin ,New,2 bedrooms,3.0,2.0,Rental unit,Austin ,110
Home in Austin ,New,2 bedrooms,3.0,2.5,Home,Austin ,200
Rental unit in Austin ,New,1 bedroom,1.0,1.0,Rental unit,Austin ,111
Home in Austin ,New,1 bedroom,1.0,0.5,Home,Austin ,54
Rental unit in Austin ,New,2 bedrooms,2.0,2.0,Rental unit,Austin ,75
Camper/RV in Buda ,New,1 bedroom,3.0,1.0,Camper/RV,Buda ,130
Rental unit in Austin ,New,1 bedroom,1.0,1.0,Rental unit,Austin ,63
Home in Austin ,New,1 bedroom,1.0,1.0,Home,Austin ,35
Home in Austin ,New,2 bedrooms,2.0,2.0,Home,Austin ,118
Home in Austin ,New,1 bedroom,1.0,0.5,Home,Austin ,51
Home in Austin ,New,5 bedrooms,7.0,3.0,Home,Austin ,275
Rental unit in Austin ,New,2 bedrooms,2.0,1.0,Rental unit,Austin ,137
Home in Austin ,New,3 bedrooms,3.0,2.0,Home,Austin ,124
Home in Austin ,New,1 bedroom,1.0,0.5,Home,Austin ,40
Rental unit in Austin ,New,1 bedroom,1.0,1.0,Rental unit,Austin ,450
Home in Austin ,New,2 bedrooms,4.0,1.0,Home,Austin ,150
Home in Austin ,New,2 bedrooms,2.0,2.5,Home,Austin ,121
Home in Austin ,New,3 bedrooms,4.0,2.0,Home,Austin ,249
Rental unit in Austin ,New,1 bedroom,1.0,1.0,Rental unit,Austin ,73
Condo in Austin ,New,1 bedroom,2.0,1.0,Condo,Austin ,255
Home in Austin ,New,3 bedrooms,4.0,2.5,Home,Austin ,145
Home in Austin ,New,2 bedrooms,2.0,2.0,Home,Austin ,350
Home in Austin ,New,4 bedrooms,4.0,3.5,Home,Austin ,201
Condo in Austin ,New,1 bedroom,1.0,1.0,Condo,Austin ,1200
Home in Austin ,New,3 bedrooms,6.0,2.5,Home,Austin ,625
Rental unit in Austin ,New,1 bedroom,1.0,1.0,Rental unit,Austin ,98
Rental unit in Austin ,New,1 bedroom,1.0,1.0,Rental unit,Austin ,98
Rental unit in Austin ,New,1 bedroom,1.0,1.0,Rental unit,Austin ,98
Rental unit in Austin ,New,1 bedroom,1.0,1.0,Rental unit,Austin ,98
Home in Austin ,New,1 bedroom,1.0,0.5,Home,Austin ,70
Home in Austin ,New,3 bedrooms,4.0,2.0,Home,Austin ,197
Home in Austin ,New,5 bedrooms,7.0,4.0,Home,Austin ,760
Home in Austin ,New,6 bedrooms,7.0,3.0,Home,Austin ,163
Rental unit in Austin ,New,1 bedroom,1.0,1.0,Rental unit,Austin ,218
Home in Austin ,New,3 bedrooms,4.0,2.0,Home,Austin ,188
Home in Austin ,New,4 bedrooms,4.0,4.5,Home,Austin ,583
Home in Austin ,New,4 bedrooms,4.0,2.0,Home,Austin ,156
Home in Austin ,New,2 bedrooms,2.0,2.0,Home,Austin ,153
Home in Austin ,New,2 bedrooms,2.0,2.5,Home,Austin ,311
Home in Austin ,New,4 bedrooms,5.0,2.0,Home,Austin ,350
Rental unit in Austin ,New,1 bedroom,1.0,1.0,Rental unit,Austin ,36
Rental unit in Austin ,New,1 bedroom,1.0,1.0,Rental unit,Austin ,118
Condo in Austin ,New,,1.0,1.0,Condo,Austin ,113
Home in Austin ,New,3 bedrooms,2.0,2.5,Home,Austin ,950
Rental unit in Austin ,New,2 bedrooms,2.0,2.0,Rental unit,Austin ,160
Home in Austin ,New,5 bedrooms,8.0,3.0,Home,Austin ,386
Home in Austin ,New,2 bedrooms,2.0,2.5,Home,Austin ,260
Rental unit in Austin ,New,2 bedrooms,2.0,2.0,Rental unit,Austin ,146
Hotel in Austin ,New,4 bedrooms,4.0,4.0,Hotel,Austin ,399
Hotel in Austin ,New,2 bedrooms,2.0,2.0,Hotel,Austin ,399
Hotel in Austin ,New,3 bedrooms,3.0,3.0,Hotel,Austin ,399
Rental unit in Austin ,New,1 bedroom,1.0,1.0,Rental unit,Austin ,116
Rental unit in Austin ,New,2 bedrooms,2.0,2.0,Rental unit,Austin ,136
Home in Austin ,New,2 bedrooms,2.0,1.0,Home,Austin ,175
Home in Austin ,New,5 bedrooms,6.0,3.0,Home,Austin ,387
Rental unit in Austin ,New,2 bedrooms,2.0,2.0,Rental unit,Austin ,160
Home in Austin ,New,3 bedrooms,4.0,2.0,Home,Austin ,414
Rental unit in Austin ,New,1 bedroom,1.0,1.0,Rental unit,Austin ,96
Home in Austin ,New,3 bedrooms,4.0,2.0,Home,Austin ,1033
Rental unit in Austin ,New,1 bedroom,2.0,1.0,Rental unit,Austin ,43
Rental unit in Austin ,New,1 bedroom,3.0,1.0,Rental unit,Austin ,87
Rental unit in Austin ,New,1 bedroom,3.0,1.0,Rental unit,Austin ,87
Rental unit in Austin ,New,1 bedroom,3.0,1.0,Rental unit,Austin ,87
Rental unit in Austin ,New,1 bedroom,3.0,1.0,Rental unit,Austin ,87
Bed and breakfast in Austin ,New,1 bedroom,1.0,1.0,Bed and breakfast,Austin ,80
Home in Austin ,New,1 bedroom,1.0,1.0,Home,Austin ,40
Rental unit in Austin ,New,,2.0,1.0,Rental unit,Austin ,304
Rental unit in Austin ,New,2 bedrooms,2.0,1.0,Rental unit,Austin ,206
Home in Austin ,New,1 bedroom,1.0,0.5,Home,Austin ,39
Home in Austin ,New,3 bedrooms,4.0,2.0,Home,Austin ,200
Home in Austin ,New,4 bedrooms,4.0,3.5,Home,Austin ,550
Home in Austin ,New,1 bedroom,1.0,1.0,Home,Austin ,51
Home in Austin ,New,4 bedrooms,6.0,2.0,Home,Austin ,300
Rental unit in Austin ,New,1 bedroom,1.0,1.0,Rental unit,Austin ,50
Rental unit in Austin ,New,1 bedroom,1.0,1.0,Rental unit,Austin ,75
Rental unit in Austin ,New,1 bedroom,2.0,1.0,Rental unit,Austin ,92
Home in Austin ,New,1 bedroom,1.0,1.0,Home,Austin ,35
Home in Austin ,New,1 bedroom,1.0,1.0,Home,Austin ,35
Home in Austin ,New,2 bedrooms,2.0,2.0,Home,Austin ,182
Rental unit in Austin ,New,1 bedroom,1.0,1.0,Rental unit,Austin ,121
Rental unit in Austin ,New,1 bedroom,1.0,1.0,Rental unit,Austin ,73
Rental unit in Austin ,New,2 bedrooms,2.0,2.0,Rental unit,Austin ,399
Home in Austin ,New,5 bedrooms,1.0,3.0,Home,Austin ,371
Guesthouse in Austin ,New,1 bedroom,1.0,1.0,Guesthouse,Austin ,72
Home in Austin ,New,2 bedrooms,2.0,1.5,Home,Austin ,156
Home in Austin ,New,3 bedrooms,3.0,2.5,Home,Austin ,250
Home in Austin ,New,4 bedrooms,4.0,3.0,Home,Austin ,140
Home in Austin ,New,3 bedrooms,3.0,1.0,Home,Austin ,131
Rental unit in Austin ,New,2 bedrooms,2.0,1.0,Rental unit,Austin ,49
Rental unit in Austin ,New,2 bedrooms,2.0,1.0,Rental unit,Austin ,114
Home in Austin ,New,3 bedrooms,4.0,2.0,Home,Austin ,182
Home in Austin ,New,8 bedrooms,1.0,3.0,Home,Austin ,527
Rental unit in Austin ,New,2 bedrooms,2.0,2.0,Rental unit,Austin ,160
Home in Austin ,New,2 bedrooms,2.0,1.0,Home,Austin ,140
Home in Austin ,New,2 bedrooms,2.0,1.0,Home,Austin ,276
Rental unit in Austin ,New,3 bedrooms,4.0,2.0,Rental unit,Austin ,75
Home in Austin ,New,4 bedrooms,5.0,3.0,Home,Austin ,475
Home in Austin ,New,4 bedrooms,9.0,2.0,Home,Austin ,419
Home in Austin ,New,5 bedrooms,8.0,3.0,Home,Austin ,290
Home in Austin ,New,4 bedrooms,4.0,2.5,Home,Austin ,343
Rental unit in Austin ,New,1 bedroom,1.0,1.0,Rental unit,Austin ,214
Home in Austin ,New,3 bedrooms,5.0,2.0,Home,Austin ,287
Guesthouse in Austin ,New,1 bedroom,1.0,1.0,Guesthouse,Austin ,150
Rental unit in Austin ,New,1 bedroom,1.0,1.0,Rental unit,Austin ,200
Rental unit in Austin ,New,1 bedroom,1.0,1.5,Rental unit,Austin ,88
Home in Austin ,New,1 bedroom,1.0,1.0,Home,Austin ,35
Home in Austin ,New,2 bedrooms,2.0,1.0,Home,Austin ,100
Rental unit in Austin ,New,2 bedrooms,4.0,2.0,Rental unit,Austin ,106
Home in Austin ,New,5 bedrooms,6.0,3.0,Home,Austin ,412
Home in Austin ,New,5 bedrooms,5.0,2.0,Home,Austin ,315
Home in Austin ,New,2 bedrooms,1.0,1.0,Home,Austin ,87
Home in Austin ,New,1 bedroom,1.0,1.0,Home,Austin ,102
Rental unit in Austin ,New,,2.0,1.0,Rental unit,Austin ,119
Rental unit in Austin ,New,1 bedroom,1.0,1.0,Rental unit,Austin ,135
Rental unit in Austin ,New,2 bedrooms,3.0,2.0,Rental unit,Austin ,114
Camper/RV in Austin ,New,2 bedrooms,3.0,1.5,Camper/RV,Austin ,95
Home in Austin ,New,1 bedroom,1.0,1.0,Home,Austin ,32
Rental unit in Austin ,New,6 bedrooms,1.0,3.0,Rental unit,Austin ,263
Rental unit in Austin ,New,2 bedrooms,4.0,2.5,Rental unit,Austin ,85
Rental unit in Austin ,New,1 bedroom,1.0,1.0,Rental unit,Austin ,136
Rental unit in Austin ,New,2 bedrooms,2.0,2.0,Rental unit,Austin ,126
Home in Austin ,New,4 bedrooms,9.0,2.0,Home,Austin ,713
Home in Austin ,New,3 bedrooms,5.0,2.5,Home,Austin ,762
Home in Austin ,New,,1.0,1.0,Home,Austin ,196
Camper/RV in Austin ,New,1 bedroom,1.0,1.0,Camper/RV,Austin ,83
Condo in Austin ,New,2 bedrooms,4.0,1.0,Condo,Austin ,138
Rental unit in Austin ,New,2 bedrooms,3.0,2.0,Rental unit,Austin ,197
Rental unit in Austin ,New,1 bedroom,1.0,1.0,Rental unit,Austin ,49
Rental unit in Austin ,New,1 bedroom,1.0,1.0,Rental unit,Austin ,130
Home in Austin ,New,1 bedroom,2.0,1.0,Home,Austin ,48
Rental unit in Austin ,New,,2.0,1.0,Rental unit,Austin ,194
Rental unit in Austin ,New,1 bedroom,2.0,1.0,Rental unit,Austin ,176
Rental unit in Austin ,New,,2.0,1.0,Rental unit,Austin ,158
Rental unit in Austin ,New,1 bedroom,2.0,1.0,Rental unit,Austin ,185
Rental unit in Austin ,New,1 bedroom,1.0,1.0,Rental unit,Austin ,32
Rental unit in Austin ,New,2 bedrooms,3.0,2.0,Rental unit,Austin ,232
Home in Austin ,New,4 bedrooms,5.0,2.0,Home,Austin ,519
Rental unit in Austin ,New,2 bedrooms,3.0,2.0,Rental unit,Austin ,244
Home in Austin ,New,1 bedroom,1.0,1.5,Home,Austin ,55
Home in Austin ,New,2 bedrooms,2.0,1.0,Home,Austin ,131
Rental unit in Austin ,New,2 bedrooms,2.0,2.0,Rental unit,Austin ,101
Home in Austin ,New,2 bedrooms,2.0,1.0,Home,Austin ,114
Rental unit in Austin ,New,1 bedroom,2.0,1.0,Rental unit,Austin ,143
Rental unit in Austin ,New,1 bedroom,2.0,1.0,Rental unit,Austin ,111
Rental unit in Austin ,New,1 bedroom,2.0,1.0,Rental unit,Austin ,84
Rental unit in Austin ,New,1 bedroom,2.0,1.0,Rental unit,Austin ,133
Home in Austin ,New,2 bedrooms,3.0,1.0,Home,Austin ,126
Home in Austin ,New,5 bedrooms,5.0,2.0,Home,Austin ,429
Home in Austin ,New,4 bedrooms,4.0,4.0,Home,Austin ,382
Home in Austin ,New,4 bedrooms,6.0,3.0,Home,Austin ,270
Home in Sunset Valley ,New,4 bedrooms,6.0,4.0,Home,Sunset Valley ,650
Home in Austin ,New,3 bedrooms,3.0,2.0,Home,Austin ,156
Home in Austin ,New,,1.0,1.0,Home,Austin ,30
Home in Austin ,New,5 bedrooms,6.0,3.5,Home,Austin ,573
Rental unit in Austin ,New,1 bedroom,1.0,1.0,Rental unit,Austin ,172
Home in Austin ,New,1 bedroom,1.0,1.0,Home,Austin ,86
Rental unit in Austin ,New,1 bedroom,1.0,1.0,Rental unit,Austin ,49
Rental unit in Austin ,New,2 bedrooms,2.0,2.0,Rental unit,Austin ,180
Cottage in Austin ,New,2 bedrooms,3.0,1.0,Cottage,Austin ,119
Rental unit in Austin ,New,2 bedrooms,2.0,2.5,Rental unit,Austin ,213
Home in Austin ,New,3 bedrooms,3.0,2.0,Home,Austin ,386
Rental unit in Austin ,New,1 bedroom,1.0,1.0,Rental unit,Austin ,74
Rental unit in Austin ,New,1 bedroom,2.0,1.0,Rental unit,Austin ,72
Home in Austin ,New,3 bedrooms,4.0,2.0,Home,Austin ,302
Home in Austin ,New,3 bedrooms,3.0,2.0,Home,Austin ,126
Rental unit in Austin ,New,1 bedroom,1.0,1.0,Rental unit,Austin ,77
Rental unit in Austin ,New,2 bedrooms,3.0,2.0,Rental unit,Austin ,79
Rental unit in Austin ,New,1 bedroom,1.0,1.0,Rental unit,Austin ,126
Rental unit in Austin ,New,2 bedrooms,3.0,2.0,Rental unit,Austin ,80
Rental unit in Austin ,New,2 bedrooms,3.0,2.0,Rental unit,Austin ,79
Home in Austin ,New,2 bedrooms,3.0,1.5,Home,Austin ,157
Home in Austin ,New,3 bedrooms,3.0,2.5,Home,Austin ,254
Rental unit in Austin ,New,1 bedroom,2.0,1.0,Rental unit,Austin ,88
Rental unit in Austin ,New,1 bedroom,2.0,1.0,Rental unit,Austin ,81
Rental unit in Austin ,New,1 bedroom,2.0,1.0,Rental unit,Austin ,105
Rental unit in Austin ,New,2 bedrooms,2.0,1.0,Rental unit,Austin ,102
Rental unit in Austin ,New,2 bedrooms,2.0,2.0,Rental unit,Austin ,111
Rental unit in Austin ,New,2 bedrooms,2.0,2.0,Rental unit,Austin ,112
Home in Austin ,New,1 bedroom,1.0,0.5,Home,Austin ,62
Rental unit in Austin ,New,2 bedrooms,3.0,1.0,Rental unit,Austin ,71
Condo in Austin ,New,1 bedroom,2.0,1.0,Condo,Austin ,145
Rental unit in Austin ,New,1 bedroom,1.0,1.0,Rental unit,Austin ,279
Rental unit in Austin ,New,1 bedroom,1.0,1.0,Rental unit,Austin ,70
Guesthouse in Austin ,New,1 bedroom,1.0,1.0,Guesthouse,Austin ,328
Rental unit in Austin ,New,1 bedroom,1.0,1.0,Rental unit,Austin ,70
Rental unit in Austin ,New,1 bedroom,1.0,1.0,Rental unit,Austin ,130
Rental unit in Austin ,New,1 bedroom,2.0,1.0,Rental unit,Austin ,61
Home in Austin ,New,1 bedroom,1.0,0.5,Home,Austin ,106
Home in Lakeway ,New,3 bedrooms,5.0,3.0,Home,Lakeway ,237
Guesthouse in Austin ,New,2 bedrooms,3.0,1.5,Guesthouse,Austin ,131
Rental unit in Austin ,New,1 bedroom,2.0,1.0,Rental unit,Austin ,142
Condo in Austin ,New,2 bedrooms,2.0,1.5,Condo,Austin ,222
Home in Austin ,New,1 bedroom,1.0,0.5,Home,Austin ,36
Rental unit in Austin ,New,1 bedroom,2.0,1.0,Rental unit,Austin ,61
Rental unit in Austin ,New,1 bedroom,2.0,1.0,Rental unit,Austin ,61
Rental unit in Austin ,New,1 bedroom,2.0,1.0,Rental unit,Austin ,61
Rental unit in Austin ,New,1 bedroom,2.0,1.0,Rental unit,Austin ,61
Home in Austin ,New,1 bedroom,1.0,1.5,Home,Austin ,60
Rental unit in Austin ,New,1 bedroom,2.0,1.0,Rental unit,Austin ,100
Guesthouse in Austin ,New,2 bedrooms,3.0,1.0,Guesthouse,Austin ,96
Home in Austin ,New,1 bedroom,1.0,1.0,Home,Austin ,100
Home in Austin ,New,1 bedroom,1.0,1.0,Home,Austin ,80
Home in Austin ,New,1 bedroom,1.0,1.0,Home,Austin ,80
Home in Austin ,New,3 bedrooms,3.0,3.0,Home,Austin ,217
Townhouse in Austin ,New,2 bedrooms,2.0,2.5,Townhouse,Austin ,150
Rental unit in Austin ,New,2 bedrooms,3.0,1.0,Rental unit,Austin ,98
Home in Austin ,New,1 bedroom,1.0,1.0,Home,Austin ,51
Tiny home in Austin ,New,2 bedrooms,2.0,2.0,Tiny home,Austin ,99
Rental unit in Austin ,New,1 bedroom,1.0,1.0,Rental unit,Austin ,85
Rental unit in Austin ,New,1 bedroom,2.0,1.0,Rental unit,Austin ,94
Home in Austin ,New,1 bedroom,1.0,1.0,Home,Austin ,20
Rental unit in Austin ,New,,1.0,1.0,Rental unit,Austin ,86
Home in Austin ,New,4 bedrooms,5.0,3.0,Home,Austin ,411
Home in Austin ,New,2 bedrooms,2.0,2.0,Home,Austin ,750
Home in Austin ,New,1 bedroom,1.0,,Home,Austin ,37
Home in Austin ,New,1 bedroom,1.0,0.5,Home,Austin ,45
Rental unit in Austin ,New,1 bedroom,1.0,1.0,Rental unit,Austin ,166
Condo in Austin ,New,,1.0,1.0,Condo,Austin ,411
Home in Austin ,New,2 bedrooms,2.0,1.0,Home,Austin ,232
Rental unit in Austin ,New,2 bedrooms,2.0,2.0,Rental unit,Austin ,177
Tiny home in Austin ,New,2 bedrooms,3.0,1.0,Tiny home,Austin ,139
Home in Austin ,New,3 bedrooms,3.0,2.5,Home,Austin ,250
Guesthouse in Austin ,New,1 bedroom,1.0,1.0,Guesthouse,Austin ,154
Home in Austin ,New,1 bedroom,1.0,1.0,Home,Austin ,57
Home in Austin ,New,4 bedrooms,4.0,2.5,Home,Austin ,152
Rental unit in Austin ,New,1 bedroom,1.0,1.0,Rental unit,Austin ,69
Rental unit in Austin ,New,2 bedrooms,3.0,1.0,Rental unit,Austin ,108
Rental unit in Austin ,New,2 bedrooms,5.0,2.0,Rental unit,Austin ,149
Home in Austin ,New,5 bedrooms,8.0,3.0,Home,Austin ,79
Home in Austin ,New,4 bedrooms,4.0,5.0,Home,Austin ,515
Rental unit in Austin ,New,1 bedroom,1.0,1.0,Rental unit,Austin ,70
Home in Austin ,New,2 bedrooms,2.0,1.0,Home,Austin ,146
Home in Austin ,New,3 bedrooms,6.0,2.5,Home,Austin ,232
Rental unit in Austin ,New,1 bedroom,2.0,1.0,Rental unit,Austin ,119
Home in Austin ,New,1 bedroom,2.0,2.0,Home,Austin ,120
Home in Austin ,New,1 bedroom,1.0,1.0,Home,Austin ,43
Camper/RV in Austin ,New,1 bedroom,1.0,1.0,Camper/RV,Austin ,78
Home in Austin ,New,4 bedrooms,6.0,5.5,Home,Austin ,2705
Home in Austin ,New,1 bedroom,1.0,1.0,Home,Austin ,114
Hotel in Austin ,New,1 bedroom,1.0,1.0,Hotel,Austin ,999
Home in Austin ,New,5 bedrooms,8.0,3.0,Home,Austin ,79
Rental unit in Austin ,New,2 bedrooms,3.0,2.0,Rental unit,Austin ,188
Rental unit in Austin ,New,1 bedroom,1.0,1.0,Rental unit,Austin ,139
Rental unit in Austin ,New,1 bedroom,1.0,1.0,Rental unit,Austin ,145
Rental unit in Austin ,New,,2.0,1.0,Rental unit,Austin ,199
Rental unit in Austin ,New,1 bedroom,1.0,1.0,Rental unit,Austin ,98
Home in Austin ,New,3 bedrooms,3.0,2.0,Home,Austin ,250
Home in Austin ,New,1 bedroom,2.0,0.5,Home,Austin ,19
Rental unit in Austin ,New,3 bedrooms,1.0,2.0,Rental unit,Austin ,96
Home in Austin ,New,8 bedrooms,1.0,4.0,Home,Austin ,527
Hotel in Austin ,New,1 bedroom,1.0,1.0,Hotel,Austin ,999
Hotel in Austin ,New,1 bedroom,1.0,1.0,Hotel,Austin ,999
Hotel in Austin ,New,1 bedroom,1.0,1.0,Hotel,Austin ,999
Hotel in Austin ,New,1 bedroom,1.0,1.0,Hotel,Austin ,999
Home in Austin ,New,3 bedrooms,1.0,2.0,Home,Austin ,199
Home in Austin ,New,2 bedrooms,3.0,1.0,Home,Austin ,136
Home in Austin ,New,3 bedrooms,7.0,3.5,Home,Austin ,267
Home in Austin ,New,3 bedrooms,3.0,2.0,Home,Austin ,163
Rental unit in Austin ,New,1 bedroom,1.0,1.0,Rental unit,Austin ,154
Home in Austin ,New,3 bedrooms,4.0,1.5,Home,Austin ,147
Home in Austin ,New,4 bedrooms,4.0,3.0,Home,Austin ,220
Home in Austin ,New,5 bedrooms,8.0,3.0,Home,Austin ,79
Condo in Austin ,New,2 bedrooms,2.0,1.0,Condo,Austin ,110
Rental unit in Austin ,New,1 bedroom,1.0,1.0,Rental unit,Austin ,64
Home in Austin ,New,2 bedrooms,2.0,1.0,Home,Austin ,145
Home in Austin ,New,3 bedrooms,7.0,3.0,Home,Austin ,446
Rental unit in Austin ,New,1 bedroom,1.0,1.0,Rental unit,Austin ,102
Rental unit in Austin ,New,1 bedroom,1.0,1.0,Rental unit,Austin ,110
Home in Austin ,New,4 bedrooms,4.0,2.0,Home,Austin ,411
Home in Austin ,New,3 bedrooms,3.0,1.0,Home,Austin ,331
Rental unit in Austin ,New,,1.0,1.0,Rental unit,Austin ,54
Rental unit in Austin ,New,1 bedroom,1.0,1.0,Rental unit,Austin ,131
Rental unit in Austin ,New,1 bedroom,1.0,1.0,Rental unit,Austin ,124
Home in Austin ,New,4 bedrooms,6.0,3.0,Home,Austin ,383
Tiny home in Austin ,New,1 bedroom,2.0,1.0,Tiny home,Austin ,111
Rental unit in Austin ,New,2 bedrooms,3.0,1.0,Rental unit,Austin ,115
Home in Austin ,New,3 bedrooms,2.0,1.0,Home,Austin ,220
Home in Austin ,New,2 bedrooms,3.0,1.0,Home,Austin ,122
Rental unit in Austin ,New,2 bedrooms,2.0,2.0,Rental unit,Austin ,115
Rental unit in Austin ,New,2 bedrooms,2.0,2.0,Rental unit,Austin ,50
Home in Austin ,New,2 bedrooms,4.0,1.0,Home,Austin ,350
Home in Austin ,New,1 bedroom,,2.0,Home,Austin ,116
Tiny home in Austin ,New,,1.0,1.0,Tiny home,Austin ,125
Rental unit in Austin ,New,1 bedroom,2.0,1.0,Rental unit,Austin ,65
Home in Austin ,New,2 bedrooms,2.0,2.0,Home,Austin ,200
Home in Austin ,New,1 bedroom,1.0,0.5,Home,Austin ,70
Home in Austin ,New,3 bedrooms,4.0,2.0,Home,Austin ,225
Home in Austin ,New,1 bedroom,2.0,1.0,Home,Austin ,70
Rental unit in Austin ,New,1 bedroom,2.0,1.0,Rental unit,Austin ,105
Home in Austin ,New,1 bedroom,1.0,1.0,Home,Austin ,40
Home in Austin ,New,5 bedrooms,1.0,4.5,Home,Austin ,767
Home in Austin ,New,3 bedrooms,5.0,2.5,Home,Austin ,156
Camper/RV in Austin ,New,1 bedroom,1.0,1.0,Camper/RV,Austin ,99
Rental unit in Austin ,New,2 bedrooms,2.0,1.0,Rental unit,Austin ,157
Rental unit in Austin ,New,1 bedroom,2.0,1.0,Rental unit,Austin ,97
Rental unit in Austin ,New,2 bedrooms,2.0,1.0,Rental unit,Austin ,96
Rental unit in Austin ,New,1 bedroom,2.0,1.0,Rental unit,Austin ,85
Home in Austin ,New,3 bedrooms,3.0,3.0,Home,Austin ,750
Rental unit in Austin ,New,2 bedrooms,2.0,1.0,Rental unit,Austin ,90
Home in Austin ,New,3 bedrooms,4.0,3.0,Home,Austin ,500
Home in Austin ,New,5 bedrooms,8.0,3.0,Home,Austin ,79
Home in Austin ,New,4 bedrooms,6.0,4.5,Home,Austin ,2210
Rental unit in Austin ,New,2 bedrooms,3.0,2.0,Rental unit,Austin ,252
Rental unit in Austin ,New,3 bedrooms,4.0,3.0,Rental unit,Austin ,348
Rental unit in Austin ,New,2 bedrooms,3.0,2.0,Rental unit,Austin ,246
Rental unit in Austin ,New,1 bedroom,1.0,1.0,Rental unit,Austin ,107
Rental unit in Austin ,New,1 bedroom,1.0,1.0,Rental unit,Austin ,60
Rental unit in Austin ,New,2 bedrooms,2.0,2.0,Rental unit,Austin ,189
Rental unit in Austin ,New,1 bedroom,1.0,1.0,Rental unit,Austin ,70
Rental unit in Austin ,New,1 bedroom,2.0,1.0,Rental unit,Austin ,375
Home in Austin ,New,1 bedroom,2.0,1.0,Home,Austin ,175
Home in Austin ,New,2 bedrooms,2.0,1.0,Home,Austin ,300
Rental unit in Austin ,New,1 bedroom,1.0,1.0,Rental unit,Austin ,113
Home in Austin ,New,2 bedrooms,2.0,2.5,Home,Austin ,397
Condo in Austin ,New,1 bedroom,2.0,1.0,Condo,Austin ,1000
Home in Austin ,New,1 bedroom,1.0,0.5,Home,Austin ,54
Rental unit in Austin ,New,1 bedroom,1.0,1.5,Rental unit,Austin ,105
Rental unit in Austin ,New,2 bedrooms,2.0,2.0,Rental unit,Austin ,123
Rental unit in Austin ,New,,2.0,1.0,Rental unit,Austin ,120
Rental unit in Austin ,New,1 bedroom,1.0,1.0,Rental unit,Austin ,95
Home in Austin ,New,4 bedrooms,4.0,2.0,Home,Austin ,137
Home in Austin ,New,4 bedrooms,6.0,3.0,Home,Austin ,639
Home in Austin ,New,5 bedrooms,8.0,3.0,Home,Austin ,79
Home in Austin ,New,2 bedrooms,3.0,2.5,Home,Austin ,850
Rental unit in Austin ,New,1 bedroom,1.0,1.0,Rental unit,Austin ,180
Condo in Austin ,New,2 bedrooms,3.0,2.0,Condo,Austin ,222
Home in Austin ,New,2 bedrooms,2.0,1.0,Home,Austin ,140
Home in Austin ,New,2 bedrooms,4.0,1.0,Home,Austin ,143
Rental unit in Austin ,New,1 bedroom,1.0,1.0,Rental unit,Austin ,297
Home in Austin ,New,1 bedroom,1.0,1.0,Home,Austin ,96
Rental unit in Austin ,New,1 bedroom,1.0,1.0,Rental unit,Austin ,129
Rental unit in Austin ,New,1 bedroom,1.0,1.0,Rental unit,Austin ,250
Home in Austin ,New,3 bedrooms,3.0,2.0,Home,Austin ,108
Rental unit in Austin ,New,1 bedroom,1.0,1.0,Rental unit,Austin ,125
Home in Austin ,New,1 bedroom,1.0,0.5,Home,Austin ,33
Home in Austin ,New,3 bedrooms,3.0,1.0,Home,Austin ,150
Home in Austin ,New,4 bedrooms,8.0,2.5,Home,Austin ,141
Home in Austin ,New,2 bedrooms,2.0,1.0,Home,Austin ,145
Cottage in Austin ,New,2 bedrooms,2.0,1.0,Cottage,Austin ,350
Hotel in Austin ,New,1 bedroom,1.0,1.0,Hotel,Austin ,999
Rental unit in Austin ,New,3 bedrooms,3.0,3.0,Rental unit,Austin ,182
Rental unit in Austin ,New,1 bedroom,1.0,1.0,Rental unit,Austin ,125
Home in Austin ,New,1 bedroom,1.0,1.0,Home,Austin ,56
Rental unit in Austin ,New,2 bedrooms,3.0,1.0,Rental unit,Austin ,59
Home in Austin ,New,4 bedrooms,5.0,2.5,Home,Austin ,200
Home in Austin ,New,4 bedrooms,5.0,3.0,Home,Austin ,106
Home in Austin ,New,4 bedrooms,6.0,2.0,Home,Austin ,350
Home in Austin ,New,2 bedrooms,2.0,2.5,Home,Austin ,113
Home in Austin ,New,2 bedrooms,3.0,1.0,Home,Austin ,550
Boat in Austin ,New,4 bedrooms,4.0,2.0,Boat,Austin ,642
Home in Austin ,New,2 bedrooms,2.0,2.5,Home,Austin ,43
Rental unit in Austin ,New,1 bedroom,1.0,1.0,Rental unit,Austin ,120
Rental unit in Austin ,New,1 bedroom,1.0,1.0,Rental unit,Austin ,124
Rental unit in Austin ,New,1 bedroom,1.0,1.0,Rental unit,Austin ,125
Home in Austin ,New,3 bedrooms,2.0,2.0,Home,Austin ,240
Condo in Austin ,New,1 bedroom,2.0,1.0,Condo,Austin ,132
Rental unit in Austin ,New,3 bedrooms,3.0,3.0,Rental unit,Austin ,86
Rental unit in Austin ,New,3 bedrooms,3.0,3.0,Rental unit,Austin ,157
Rental unit in Austin ,New,,1.0,1.0,Rental unit,Austin ,77
Home in Austin ,New,3 bedrooms,9.0,3.0,Home,Austin ,371
Home in Austin ,New,1 bedroom,1.0,0.5,Home,Austin ,52
Home in Austin ,New,1 bedroom,1.0,1.0,Home,Austin ,104
Rental unit in Austin ,New,1 bedroom,1.0,1.0,Rental unit,Austin ,115
Home in Austin ,New,1 bedroom,3.0,1.0,Home,Austin ,180
Home in Smith County ,New,5 bedrooms,8.0,4.5,Home,Smith County ,1280
Rental unit in Austin ,New,1 bedroom,1.0,1.0,Rental unit,Austin ,132
Home in Austin ,New,6 bedrooms,8.0,6.5,Home,Austin ,2699
Hotel in Austin ,New,1 bedroom,2.0,1.0,Hotel,Austin ,206
Home in Austin ,New,1 bedroom,1.0,1.0,Home,Austin ,35
Hotel in Austin ,New,1 bedroom,2.0,1.0,Hotel,Austin ,206
Home in Austin ,New,3 bedrooms,3.0,2.0,Home,Austin ,341
Hotel in Austin ,New,1 bedroom,2.0,1.0,Hotel,Austin ,206
Rental unit in Austin ,New,1 bedroom,2.0,1.0,Rental unit,Austin ,185
Rental unit in Austin ,New,1 bedroom,2.0,1.0,Rental unit,Austin ,189
Condo in Austin ,New,2 bedrooms,3.0,2.0,Condo,Austin ,297
Rental unit in Austin ,New,1 bedroom,2.0,1.0,Rental unit,Austin ,53
Home in Austin ,New,1 bedroom,1.0,1.0,Home,Austin ,70
Rental unit in Austin ,New,1 bedroom,2.0,1.0,Rental unit,Austin ,58
Rental unit in Austin ,New,1 bedroom,2.0,1.0,Rental unit,Austin ,207
Rental unit in Austin ,New,1 bedroom,2.0,1.0,Rental unit,Austin ,213
Condo in Austin ,New,1 bedroom,2.0,1.0,Condo,Austin ,204
Condo in Austin ,New,1 bedroom,2.0,1.0,Condo,Austin ,196
Home in Austin ,New,2 bedrooms,2.0,1.0,Home,Austin ,169
Home in Austin ,New,2 bedrooms,3.0,2.5,Home,Austin ,263
Home in Austin ,New,5 bedrooms,5.0,3.5,Home,Austin ,318
Home in Austin ,New,2 bedrooms,2.0,1.0,Home,Austin ,108
Home in Austin ,New,2 bedrooms,2.0,2.0,Home,Austin ,88
Rental unit in Austin ,New,1 bedroom,1.0,1.0,Rental unit,Austin ,259
Rental unit in Austin ,New,1 bedroom,1.0,1.0,Rental unit,Austin ,76
Rental unit in Austin ,New,1 bedroom,1.0,1.0,Rental unit,Austin ,82
Rental unit in Austin ,New,1 bedroom,1.0,1.0,Rental unit,Austin ,76
Rental unit in Austin ,New,1 bedroom,1.0,1.0,Rental unit,Austin ,76
Rental unit in Austin ,New,1 bedroom,1.0,1.0,Rental unit,Austin ,82
Rental unit in Austin ,New,1 bedroom,4.0,1.0,Rental unit,Austin ,70
Rental unit in Austin ,New,1 bedroom,1.0,1.0,Rental unit,Austin ,135
Home in Austin ,New,3 bedrooms,6.0,2.5,Home,Austin ,433
Rental unit in Austin ,New,1 bedroom,1.0,1.0,Rental unit,Austin ,147
Rental unit in Austin ,New,1 bedroom,1.0,1.0,Rental unit,Austin ,130
Rental unit in Austin ,New,1 bedroom,1.0,1.0,Rental unit,Austin ,150
Rental unit in Austin ,New,2 bedrooms,2.0,2.0,Rental unit,Austin ,83
Guesthouse in Austin ,New,1 bedroom,3.0,1.0,Guesthouse,Austin ,207
Rental unit in Austin ,New,6 bedrooms,6.0,6.0,Rental unit,Austin ,241
Rental unit in Austin ,New,1 bedroom,1.0,1.0,Rental unit,Austin ,90
Home in Austin ,New,1 bedroom,1.0,1.0,Home,Austin ,70
Home in Austin ,New,4 bedrooms,3.0,3.5,Home,Austin ,522
Home in Austin ,New,2 bedrooms,3.0,1.5,Home,Austin ,72
Home in West Lake Hills ,New,3 bedrooms,5.0,2.0,Home,West Lake Hills ,325
Guesthouse in Austin ,New,1 bedroom,1.0,1.0,Guesthouse,Austin ,92
Home in Austin ,New,1 bedroom,1.0,1.0,Home,Austin ,50
Home in Austin ,New,4 bedrooms,4.0,2.0,Home,Austin ,157
Home in Austin ,New,3 bedrooms,4.0,2.5,Home,Austin ,117
Home in Austin ,New,3 bedrooms,3.0,2.0,Home,Austin ,133
Home in Austin ,New,4 bedrooms,3.0,2.5,Home,Austin ,400
